﻿{
  "parent": "quest_giver:root",
  "reputation": 10,
  "icon": "minecraft:paper",
  "start": {
    "title": {
      "text": "地図作成テーブルのロックを解除する"
    },
    "description": {
      "text": "ああ...うーん、分かった。エメラルドを15個くれたら、使い方を教えてあげるよ。"
    }
  },
  "complete": {
    "title": {
      "text": "さあ、行きましょう。"
    },
    "description": {
      "text": "この道具を扱うのはそれほど難しくありません。するにコツがわかります。"
    }
  },
  "tasks": [
    {
      "item": {
        "item": "minecraft:emerald"
      },
      "id": "quest_giver:gift",
      "times": 15
    }
  ],
  "rewards": [
    {
      "command": "/pmmo admin @p add sailing level 1",
      "id": "quest_giver:command"
    }
  ]
}