﻿{
  "parent": "quest_giver:root",
  "reputation": 13,
  "icon": "minecraft:paper",
  "start": {
    "title": {
      "text": "探検！"
    },
    "description": {
      "text": "さまざまなバイオームをマップ上により適切に描画できるように、 さまざまなバイオームがどのように見えるかを理解する助けが必要です。 冒険者として、 あなたはこの仕事にぴったりだと思いました！ 私が現在興味を持っているバイオームは 3 つあります。: ホワイトメサ、古代の砂、火山の峰です。"
    }
  }
}