﻿{
  "parent": "quest_giver:root",
  "reputation": 7,
  "icon": "minecraft:beef",
  "start": {
    "title": {
      "text": "エキゾチックな肉"
    },
    "description": {
      "text": "ここ村では通常、通常の種類の肉しか入手できません。 尻尾に柔らかくてジューシーな肉を持つカンガルーという 生き物がいると聞いたことがあります。 彼らの肉を一切れもらえませんか？ そして彼らの皮も見てみたいです。"
    }
  }
}