{
  "parent": "quest_giver:root",
  "reputation": 15,
  "icon": "minecraft:map",
  "start": {
    "title": {
      "text": "不可能な任務です！"
    },
    "description": {
      "text": "満足のいく 2 つのタスクを完了して、アンティテウスを使用する権利を獲得してください。他の 3 人の乗客と一緒にラヴィアサンに乗り、モブルームを刈り取ることです。"
    }
  },
  "complete": {
    "title": {
      "text": "ありがとう！"
    },
    "description": {
      "text": "おめでとう！ここにあります。このブラスターは、膨大なエネルギー源を詰め込んだ強力なパンチを繰り出します。"
    }
  },
  "tasks": [
    {
		"id": "afptweaks:advancement",
		"advancement": "alexsmobs:alexsmobs/laviathan_four_passengers"
    },
    {
		"id": "afptweaks:advancement",
		"advancement": "friendsandfoes:husbandry/shear_a_moobloom"
    }
  ],
  "rewards": [
    {
      "item": {
        "item": "wom:antitheus"
      },
      "id": "quest_giver:item",
      "times": 1
    }
  ]
}