{
  "parent": "quest_giver:root",
  "reputation": 6,
  "icon": "minecraft:log",
  "start": {
    "title": {
      "text": "頼んだものは持ってきてくれましたか？"
    },
    "description": {
      "text": "もう持ってきましたか？$(red)紫のアークウッドの原木$() を"
    }
  },
  "complete": {
    "title": {
      "text": "ありがとう！"
    },
    "description": {
      "text": "ありがとう。これがご褒美です。"
    }
  },
  "tasks": [
    {
      "item": {
        "item": "hexerei:mahogany_log"
      },
      "id": "quest_giver:gift",
      "times": 1
     }
  ],
  "rewards": [
    {
      "item": {
        "item": "minecraft:emerald"
      },
      "id": "quest_giver:item",
      "times": 1
    },
    {
      "command": "/addreputation reputation:villager @p 1",
      "id": "quest_giver:command"
    },
    {
      "command": "/advancement grant @p only custom:trade_woodworker",
      "id": "quest_giver:command"
    }
  ]
}