﻿{
  "parent": "quest_giver:root",
  "reputation": 16,
  "icon": "minecraft:iron_pickaxe",
  "start": {
    "title": {
      "text": "ドラゴンの心臓"
    },
    "description": {
      "text": "召喚表彰台への地図には 5 エメラルドがかかるよ。"
    }
  },
  "complete": {
    "title": {
      "text": "ありがとう！"
    },
    "description": {
      "text": "取引ができてうれしいです、友人。"
    }
  },
  "tasks": [
    {
      "item": {
        "item": "minecraft:emerald"
      },
      "id": "quest_giver:gift",
      "times": 5
    }
  ],
  "rewards": [
    {
      "command": "/loot give @p loot minecraft:cartographer2",
      "id": "quest_giver:command"
    },
    {
      "command": "/gamestage add @p cartographer2 true",
      "id": "quest_giver:command"
    }
  ]
}