{
  "parent": "quest_giver:root",
  "reputation": 15,
  "icon": "minecraft:map",
  "start": {
    "title": {
      "text": "不可能な任務です！"
    },
    "description": {
      "text": "この武器を入手するには、まずポルターガイスト ブロックを作成し、ボトルに入った小さなブロビエーターを捕獲するという 2 つのタスクを達成して自分自身を証明する必要があります。"
    }
  },
  "complete": {
    "title": {
      "text": "ありがとう！"
    },
    "description": {
      "text": "よくやった！こちらはゲセッツとヘルシャー。海の力が注入されており、一緒に使用すると独特の相乗効果を発揮します。"
    }
  },
  "tasks": [
    {
		"id": "afptweaks:advancement",
		"advancement": "biomemakeover:biomemakeover/poltergeist"
    },
    {
		"id": "afptweaks:advancement",
		"advancement": "cloudstorage:cloudstorage/angry_cloud_in_a_bottle"
    }
  ],
  "rewards": [
    {
      "item": {
        "item": "wom:herrscher"
      },
      "id": "quest_giver:item",
      "times": 1
    },
    {
      "item": {
        "item": "wom:gesetz"
      },
      "id": "quest_giver:item",
      "times": 1
    }
  ]
}