﻿{
  "parent": "quest_giver:root",
  "reputation": 16,
  "icon": "minecraft:bow",
  "start": {
    "title": {
      "text": "助けてください！"
    },
    "description": {
      "text": "私たちの近くの洞窟に $(red)洞窟の住人$() が住んでいます。 この生き物は非常に危険です...私たちの聖職者は、 いつかそれが下から現れて私たち全員を虐殺すると考えています… この生き物を退治して、証拠として$(red)その生物のドロップアイテム$()を私に持ってきてもらえますか?"
    }
  }
}