﻿{
	"parent": "quest_giver:quest_0068_01b",
	"reputation": 8,
	"icon": "minecraft:leather",
	"start": {
		"title": {
      "text": "頼んだものは持ってきてくれましたか？"
		},
		"description": {
      "text": "$(red)はちみつ掛けハム$() の準備はどうですか?"
		}
	},
	"complete": {
		"title": {
      "text": "ありがとう！"
		},
		"description": {
      "text": "すごいですね、料理の才能がありますね。感謝の気持ちとして受け取ってください。"
		}
	},
	"tasks": [{
		"item": {
			"item": "farmersdelight:honey_glazed_ham_block"
		},
		"id": "quest_giver:gift",
		"times": 2
	}],
	"rewards": [{
			"command": "/advancement grant @p only custom:trade_leatherworker",
			"id": "quest_giver:command"
		},
		{
			"command": "/addreputation reputation:villager @p 3",
			"id": "quest_giver:command"
		},
		{
			"item": {
				"item": "minecraft:emerald"
			},
			"id": "quest_giver:item",
			"times": 2
		},
		{
			"item": {
				"item": "minecraft:leather"
			},
			"id": "quest_giver:item",
			"times": 2
		}
	]
}