﻿{
  "parent": "quest_giver:quest_0035_01",
  "reputation": 35,
  "icon": "minecraft:beef",
  "start": {
    "title": {
      "text": "インセンジウム"
    },
    "description": {
      "text": "ああ、そんなに早く帰ったの？ さて、ネザーに行ったことはありますか？ネザーには灰の荒廃地帯と呼ばれるバイオームがあります。 そこにお城が見つかるかどうか探してください。 たとえ見つからなくても、 私のところに戻ってきてください。 その場所がどんなところなのか知りたいのですが、お願いします。"
    }
  }
}