﻿{
  "parent": "quest_giver:quest_0035_02b",
  "reputation": 35,
  "icon": "minecraft:beef",
  "start": {
    "title": {
      "text": "剣"
    },
    "description": {
      "text": "あなたはは好奇心旺盛ですか？ いやなに、 実は…私の兄は風変わりな行商人でした。 彼はネザー次元を横断するのを楽しんでいました...それがどれほど危険であるかを知っていたにもかかわらず。 ある日、彼は去り、二度と戻ってきませんでした。 彼は灰の荒廃地帯にある城に行くというメモを残していました。 彼が本当に死んだのかどうかを確かめてもらえませんか？ 彼は $(light_blue)'Chilling Sword'$() というアーティファクトを持っていました。 あの城に行って、この武器が見つかるかどうか確認して欲しいのです。"
    }
  }
}