﻿{
  "parent": "quest_giver:root",
  "reputation": 6,
  "icon": "minecraft:bow",
  "start": {
    "title": {
      "text": "助けてください！"
    },
    "description": {
      "text": "私たちの村の近くに拠点を置いた略奪者が子供を連れ去りました... この村の警備員の数は、 子供を救うのに及びません。 お手伝いできることがあれば、 紙を一枚取ってきてください。 彼らがどこにいるか教えます。"
    }
  }
}