﻿{
	"parent": "quest_giver:quest_0109_01",
	"reputation": 6,
	"icon": "minecraft:iron_sword",
	"start": {
		"title": {
      "text": "迷子"
		},
		"description": {
      "text": "その子を救ってください。どうか彼を家に連れて来て……"
		}
	},
	"complete": {
		"title": {
      "text": "迷子の子: 完了"
		},
		"description": {
      "text": "あぁ！ありがとうございます！ 正直に言うと、私はこの子の生き残りについて楽観的ではありませんでした… ここで、新しいスキル、ソードマスターを教えます。 それが私があなたに恩返しできる唯一の方法です。"
		}
	},
	"tasks": [{
		"id": "afptweaks:follow_quest",
		"structure": "#minecraft:village"
	}],
	"rewards": [{
			"command": "/give @p epicfight:skillbook{skill:\"epicfight:swordmaster\"}",
			"id": "quest_giver:command"
		},
		{
			"command": "/addreputation reputation:villager @p 2",
			"id": "quest_giver:command"
		}
	]
}