﻿{
  "parent": "quest_giver:quest_0109_01b",
  "reputation": 6,
  "icon": "minecraft:iron_sword",
  "start": {
    "title": {
      "text": "またあったね！"
    },
    "description": {
      "text": "子供を救う準備ができているなら。 紙をください、地図を描きます。"
    }
  },
  "complete": {
    "title": {
      "text": "ここです。"
    },
    "description": {
      "text": "悪党たちがここに拠点を構えています。 私の子はまだ一緒にいるはず…急いでください。 彼を私たちのところに連れ戻してください！"
    }
  },
  "tasks": [
     {
      "item": {
	 "item": "minecraft:paper"
      },
      "id": "quest_giver:gift",
      "amount": 1
     }
  ],
  "rewards": [
    {
      "command": "/loot give @p loot minecraft:guard2",
      "id": "quest_giver:command"
    },
    {
      "command": "/gamestage add @p guard2 true",
      "id": "quest_giver:command"
    }    
  ]
}