﻿{
  "parent": "quest_giver:root",
  "reputation": 5,
  "icon": "minecraft:iron_axe",
  "start": {
    "title": {
      "text": "提案"
    },
    "description": {
      "text": "伝説の存在イグニスについて聞いたことがありますか？ それは火の巨人よりも ずっと強いと聞ききました。 召喚するにはネザーディメンションで 特定の素材を入手する必要があります。 これらの材料がどこで見つかるか、エメラルド４個で教えます。"
    }
  }
}