{
  "parent": "quest_giver:root",
  "reputation": 8,
  "icon": "minecraft:book",
  "start": {
    "title": {
      "text": "林業の知識"
    },
    "description": {
      "text": "私のリクエストを聞いてくれてありがとう。 私は最近林業に興味を持ち、 私たちの次元の木についてたくさん勉強しています。 しかし、異次元にはエバーブライトやエバードーンなど、 他にも特異な種類の木が存在するようです。 私の研究のために、 $(red)黄昏の葉、楓の葉、星空の葉$() のブロックをそれぞれ集めるのを 手伝ってもらえませんか?"
    }
  }
}