{
	"parent": "quest_giver:root",
	"reputation": 15,
	"icon": "minecraft:iron_sword",
	"start": {
		"title": {
			"text": "それで？"
		},
		"description": {
			"text": "スキルを教えます - エメラルド 15 個分の瞑想。あなたは何と言いますか？"
		}
	},
	"complete": {
		"title": {
			"text": "ありがとう！"
		},
		"description": {
			"text": "今、水は流れることもあれば、砕けることもできます...水の友達になりましょう。"
		}
	},
	"tasks": [{
		"item": {
			"item": "minecraft:emerald"
		},
      "id": "quest_giver:gift",
      "times": 15
	}],
	"rewards": [{
		"command": "give @p epicfight:skillbook{skill:\"wom:meditation\"}",
		"id": "quest_giver:command"
	}]
}