{
	"parent": "quest_giver:root",
	"reputation": 15,
	"icon": "minecraft:iron_sword",
	"start": {
		"title": {
			"text": "それで？"
		},
		"description": {
			"text": "エメラルド 15 個分の 矢の粘り強さ というスキルを教えます。どのようにそのことについて？"
		}
	},
	"complete": {
		"title": {
			"text": "ありがとう！"
		},
		"description": {
			"text": "さあ、行きましょう。"
		}
	},
	"tasks": [{
		"item": {
			"item": "minecraft:emerald"
		},
      "id": "quest_giver:gift",
      "times": 30
	}],
	"rewards": [{
		"command": "give @p epicfight:skillbook{skill:\"wom:arrow_tenacity\"}",
		"id": "quest_giver:command"
	}]
}