﻿{
  "parent": "quest_giver:quest_0048_02",
  "reputation": 25,
  "icon": "minecraft:brewing_stand",
  "start": {
    "title": {
      "text": "衛兵"
    },
    "description": {
      "text": "また物入りか、「ヒーロー」？ 混合釜の使い方を学びたい? なら私の代わりに村人の衛兵を3人殺してこい。 やつらの犠牲が必要なんでな...まあ、 それほど心配はいらない。 たかが3 人を殺すだけだ。 静かな奴を狙え、 依頼を抱えているおしゃべりな奴は選ばないのが懸命だ。 そしてできれば静かにこなしてこい。足が付いたら困るからな。"
    }
  }
}