﻿{
  "parent": "quest_giver:quest_0119_01b",
  "reputation": 16,
  "icon": "minecraft:iron_pickaxe",
  "start": {
    "title": {
      "text": "ドラゴンの心臓"
    },
    "description": {
      "text": "これらの氷のドラゴンを一度見たことがある。恐ろしい存在…しかし、その本質はとても荘厳で魅力的だ。その中の構造を調査しなければならん。"
    }
  },
  "complete": {
    "title": {
      "text": "ありがとう"
    },
    "description": {
      "text": "素晴らしい！これが報酬だ。これから研究を始めなければ。"
    }
  },
  "tasks": [
    {
      "item": {
        "item": "simple_mobs:icedragon_heart"
      },
      "id": "quest_giver:gift",
      "times": 1
    }
  ],
  "rewards": [
    {
      "item": {
        "item": "paraglider:spirit_orb"
      },
      "id": "quest_giver:item",
      "times": 2
    },
    {
      "command": "/advancement grant @p only custom:trade_oceanographer",
      "id": "quest_giver:command"
    }
  ]
}