﻿{
  "parent": "quest_giver:root",
  "reputation": 10,
  "icon": "minecraft:stone",
  "start": {
    "title": {
      "text": "頼んだものは持ってきてくれましたか？"
    },
    "description": {
      "text": "エメラルド 10 個で石切り台の使い方を教えるよ。"
    }
  },
  "complete": {
    "title": {
      "text": "ありがとう！"
    },
    "description": {
      "text": "さあ！"
    }
  },
  "tasks": [
    {
      "item": {
        "item": "minecraft:emerald"
      },
      "id": "quest_giver:gift",
      "times": 10
    }
  ],
  "rewards": [
    {
      "command": "/pmmo admin @p add woodcutting level 1",
      "id": "quest_giver:command"
    },
    {
      "command": "/gamestage add @p StoneCutter",
      "id": "quest_giver:command"
    }
  ]
}