{
	"parent": "quest_giver:root",
	"reputation": 15,
	"icon": "minecraft:iron_sword",
	"start": {
		"title": {
			"text": "それで？"
		},
		"description": {
			"text": "よし、スキルを教えてあげる - エンダー・オブスキュリスをエメラルド20個で。大丈夫ですか？"
		}
	},
	"complete": {
		"title": {
			"text": "ありがとう！"
		},
		"description": {
			"text": "さあ、どうぞ。周囲の村人を怖がらせるためにそれを使用しないでください。"
		}
	},
	"tasks": [{
		"item": {
			"item": "minecraft:emerald"
		},
      "id": "quest_giver:gift",
      "times": 20
	}],
	"rewards": [{
		"command": "give @p epicfight:skillbook{skill:\"wom:ender_obscuris\"}",
		"id": "quest_giver:command"
	}]
}