{
	"parent": "quest_giver:root",
	"reputation": 15,
	"icon": "minecraft:iron_sword",
	"start": {
		"title": {
			"text": "それで？"
		},
		"description": {
			"text": "エメラルド30個で覇王色の覇気というスキルを教えてもらえます。あなたは何と言いますか？"
		}
	},
	"complete": {
		"title": {
			"text": "ありがとう！"
		},
		"description": {
			"text": "どうぞ。味方内でこのスキルを使用する場合は注意してください。"
		}
	},
	"tasks": [{
		"item": {
			"item": "minecraft:emerald"
		},
      "id": "quest_giver:gift",
      "times": 30
	}],
	"rewards": [{
		"command": "give @p epicfight:skillbook{skill:\"epicfight:conqueror_haki\"}",
		"id": "quest_giver:command"
	}]
}