﻿{
  "parent": "quest_giver:root",
  "reputation": 16,
  "icon": "minecraft:iron_pickaxe",
  "start": {
    "title": {
      "text": "助けてください！"
    },
    "description": {
      "text": "採掘中に幽霊に会いました... それは私の周りのいたるところにモンスターが出現する恐ろしい夜でしたが、 その幽霊が私をすべてのモンスターから私を守ってくれました。 村に出かける前に、幽霊は冒険者を探して連れて来てほしいと言っていました。"
    }
  }
}