﻿{
  "parent": "quest_giver:root",
  "reputation": 16,
  "icon": "minecraft:iron_pickaxe",
  "start": {
    "title": {
      "text": "助けてください！"
    },
    "description": {
      "text": "放浪の旅人から聞いた話によると、 少し前に背中に宝石の穂を生やした巨大な怪物を目撃したそうです。 黒曜石の穂で覆われた場所にあったそうです… この生き物が持っている宝石にはとても興味があります。 紙を一枚取ってきてくれませんか？ どこにあるのかご案内します。"
    }
  }
}