﻿{
  "parent": "quest_giver:quest_0113_01b",
  "reputation": 16,
  "icon": "minecraft:iron_pickaxe",
  "start": {
    "title": {
      "text": "頼んだものは持ってきてくれましたか？"
    },
    "description": {
      "text": "紙を一枚取ってきてくれませんか？地図を描きます。"
    }
  },
  "complete": {
    "title": {
      "text": "ありがとう！"
    },
    "description": {
      "text": "この場所に行って、生き物から宝石を抽出してみてください。 宝石を持ってきてください。きっと価値あるものになると思います。"
    }
  },
  "tasks": [
     {
      "item": {
	 "item": "minecraft:paper"
      },
      "id": "quest_giver:gift",
      "times": 1
     }
  ],
  "rewards": [
    {
      "command": "/loot give @p loot minecraft:weaponsmith1",
      "id": "quest_giver:command"
    },
    {
      "command": "/gamestage add @p weaponsmith1 true",
      "id": "quest_giver:command"
    }
  ]
}