﻿{
  "parent": "quest_giver:quest_0113_02",
  "reputation": 16,
  "icon": "minecraft:iron_pickaxe",
  "start": {
    "title": {
      "text": "またあったね！"
    },
    "description": {
      "text": "まだ取り組んでいます! もう木の棒を持ってきましたか？"
    }
  },
  "complete": {
    "title": {
      "text": "ここです。"
    },
    "description": {
      "text": "どうぞ。 これはこれまでの私の最高の作品かもしれません。"
    }
  },
  "tasks": [
     {
      "item": {
	 "item": "minecraft:stick"
      },
      "id": "quest_giver:gift",
      "times": 1
     }
  ],
  "rewards": [
    {
      "item": {
        "item": "simple_mobs:gem_sword"
      },
      "id": "quest_giver:item",
      "times": 1
    },
    {
      "command": "/addreputation reputation:villager @p 3",
      "id": "quest_giver:command"
    }
  ]
}