﻿{
  "parent": "quest_giver:quest_0111_01b",
  "reputation": 13,
  "icon": "minecraft:iron_sword",
  "start": {
    "title": {
      "text": "またあったね！"
    },
    "description": {
      "text": "紙を持ってきてください。紙のどこにあるかをお見せします。"
    }
  },
  "complete": {
    "title": {
      "text": "ここです。"
    },
    "description": {
      "text": "ここは、近づくと比較的見つけやすいです。 頑張って、落ちたものは何でも持ってきてください。"
    }
  },
  "tasks": [
     {
      "item": {
	 "item": "minecraft:paper"
      },
      "id": "quest_giver:gift",
      "amount": 1
     }
  ],
  "rewards": [
    {
      "command": "/loot give @p loot minecraft:guard4",
      "id": "quest_giver:command"
    },
    {
      "command": "/gamestage add @p guard4 true",
      "id": "quest_giver:command"
    }
  ]
}