﻿{
  "parent": "quest_giver:root",
  "reputation": 13,
  "icon": "minecraft:iron_sword",
  "start": {
    "title": {
      "text": "助けてください！"
    },
    "description": {
      "text": "私たちの近くに人食い $(red)巨人$() が住んでいます。 村民や衛兵の何人かはすでに彼によって殺されています。 私を含む警備員たちは、そのあまりの大きさに怖気づいています。 しかし、私たちが知る限り、それはあまり強くも賢くもありません。 あなたなら彼を引き受けることができると信じています。"
    }
  }
}