﻿{
  "parent": "quest_giver:root",
  "reputation": 2,
  "icon": "minecraft:white_wool",
  "start": {
    "title": {
      "text": "ハサミクラフト"
    },
    "description": {
      "text": "$(red)ハサミ$() は持ってきましたか？"
    }
  },
  "complete": {
    "title": {
      "text": "ありがとう！"
    },
    "description": {
      "text": "どうもありがとう！"
    }
  },
  "tasks": [
     {
      "item": {
	 "item": "minecraft:shears"
      },
      "id": "quest_giver:gift",
      "times": 1
     }
  ],
  "rewards": [
    {
      "command": "/addreputation reputation:villager @p 2",
      "id": "quest_giver:command"
    },
    {
      "command": "/advancement grant @p only custom:trade_shepherd",
      "id": "quest_giver:command"
    }
  ]
}