﻿{
  "parent": "quest_giver:quest_0074_01",
  "reputation": 4,
  "icon": "minecraft:book",
  "start": {
    "title": {
      "text": "頼んだものは持ってきてくれましたか？"
    },
    "description": {
      "text": "あなたの $(red)スピリットオーブ$() がもう 1 つ必要です。"
    }
  },
  "complete": {
    "title": {
      "text": "ありがとう！"
    },
    "description": {
      "text": "はは…若者、騙されやすすぎるよ。 ほとんど話したことのない人を信頼しないでください。 気分が悪いのでオーブを返しますが、これだけは覚えておいてください。 誰もが私のように優しいわけではありません。"
    }
  },
  "tasks": [
     {
      "item": {
	 "item": "paraglider:spirit_orb"
      },
      "id": "quest_giver:gift",
      "times": 1
     }
  ],
  "rewards": [
    {
      "command": "/addreputation reputation:villager @p 2",
      "id": "quest_giver:command"
    },
    {
      "item": {
        "item": "paraglider:spirit_orb"
      },
      "id": "quest_giver:item",
      "times": 2
    },
    {
      "item": {
        "item": "minecraft:cookie"
      },
      "id": "quest_giver:item",
      "times": 1
    }
  ]
}