﻿{
  "parent": "quest_giver:quest_0118_01b",
  "reputation": 16,
  "icon": "minecraft:iron_pickaxe",
  "start": {
    "title": {
      "text": "ドラゴンの心臓"
    },
    "description": {
      "text": "$(red)火竜の心臓$() を持ってきてくれ。理由は聞くな。それはお前が気にするようなことじゃない。"
    }
  },
  "complete": {
    "title": {
      "text": "ありがとう"
    },
    "description": {
      "text": "さぁ行こうか。"
    }
  },
  "tasks": [
    {
      "item": {
        "item": "simple_mobs:firedragon_heart"
      },
      "id": "quest_giver:gift",
      "times": 1
    }
  ],
  "rewards": [
    {
      "item": {
        "item": "paraglider:spirit_orb"
      },
      "id": "quest_giver:item",
      "times": 2
    },
    {
      "command": "/advancement grant @p only custom:trade_miner",
      "id": "quest_giver:command"
    },    
    {
      "command": "/addreputation reputation:villager @p 2",
      "id": "quest_giver:command"
    }
  ]
}