﻿{
  "parent": "quest_giver:quest_0040_01",
  "reputation": 15,
  "icon": "minecraft:paper",
  "start": {
    "title": {
      "text": "地図"
    },
    "description": {
      "text": "さて、あなたに別の課題があります。 ワニと呼ばれる爬虫類の獣を狩って、 その皮を私に持ってきてください。 これらの生き物は湿地バイオームに生息しています。 ただし、これらの生き物はとんでもなく強いので注意してください。"
    }
  }
}