﻿{
  "parent": "quest_giver:root",
  "reputation": 16,
  "icon": "minecraft:iron_pickaxe",
  "start": {
    "title": {
      "text": "助けてください！"
    },
    "description": {
      "text": "オオカミに出会うまで、 私は家族と一緒に旅行していました。しかし今は私だけです…… そのオオカミは私たちを見るとすぐに駆け寄ってきました。 2年前のことですが、 その事件が起きた場所は今でも覚えています。 お願いです、この生き物を退治してください。 家族の為に復讐したいんです。"
    }
  }
}