﻿{
  "parent": "quest_giver:quest_0112_01b",
  "reputation": 16,
  "icon": "minecraft:iron_pickaxe",
  "start": {
    "title": {
      "text": "頼んだものは持ってきてくれましたか？"
    },
    "description": {
      "text": "紙を一枚取ってきてくれませんか？地図を描きます。"
    }
  },
  "complete": {
    "title": {
      "text": "ありがとう！"
    },
    "description": {
      "text": "ありがとう。この生き物はこのエリアの周りに住んでいます。気をつけて。"
    }
  },
  "tasks": [
     {
      "item": {
	 "item": "minecraft:paper"
      },
      "id": "quest_giver:gift",
      "times": 1
     }
  ],
  "rewards": [
    {
      "command": "/loot give @p loot minecraft:miner2",
      "id": "quest_giver:command"
    },
    {
      "command": "/gamestage add @p miner2 true",
      "id": "quest_giver:command"
    }    
  ]
}