﻿{
  "parent": "quest_giver:root",
  "reputation": 10,
  "icon": "minecraft:stone",
  "start": {
    "title": {
      "text": "石切り台の使い方を学ぶ"
    },
    "description": {
      "text": "石切り台の使い方を学びたいなら、エメラルドを 15 個渡してください。"
    }
  },
  "complete": {
    "title": {
      "text": "ありがとう！"
    },
    "description": {
      "text": "さあ！"
    }
  },
  "tasks": [
    {
      "item": {
        "item": "minecraft:emerald"
      },
      "id": "quest_giver:gift",
      "times": 15
    }
  ],
  "rewards": [
    {
      "command": "/pmmo admin @p add woodcutting level 1",
      "id": "quest_giver:command"
    }
  ]
}