﻿{
  "parent": "quest_giver:root",
  "reputation": 48,
  "icon": "minecraft:stone",
  "start": {
    "title": {
      "text": "異次元から来た石"
    },
    "description": {
      "text": "最後まで行ったら、$(red)エンドストーン$() を忘れずに持ってきてください"
    }
  },
  "complete": {
    "title": {
      "text": "ありがとう！"
    },
    "description": {
      "text": "うーん...品質は...悪くありません。大切に使わせていただきます、ありがとうございました！"
    }
  },
  "tasks": [
     {
      "item": {
	 "item": "minecraft:end_stone"
      },
      "id": "quest_giver:gift",
      "times": 1
     }
  ],
  "rewards": [
    {
      "command": "/advancement grant @p only custom:trade_mason",
      "id": "quest_giver:command"
    },
    {
      "command": "/addreputation reputation:villager @p 2",
      "id": "quest_giver:command"
    },
    {
      "item": {
        "item": "minecraft:emerald"
      },
      "id": "quest_giver:item",
      "times": 2
    }
  ]
}