﻿{
  "parent": "quest_giver:root",
  "reputation": 10,
  "icon": "minecraft:bow",
  "start": {
    "title": {
      "text": "頼んだものは持ってきてくれましたか？"
    },
    "description": {
      "text": "フレッチャーから $(red)矢 16本$() を持ってきましたか？代金はお返しします。"
    }
  },
  "complete": {
    "title": {
      "text": "ありがとう！"
    },
    "description": {
      "text": "ありがとう、あなたは命の恩人です！地元のフレッチャーが苦手なので聞くのが少し気まずかったのですが…"
    }
  },
  "tasks": [
     {
      "item": {
	 "item": "minecraft:arrow"
      },
      "id": "quest_giver:item_stack",
      "amount": 16
     }
  ],
  "rewards": [
    {
      "item": {
        "item": "minecraft:emerald"
      },
      "id": "quest_giver:item",
      "times": 3
    },
    {
      "command": "/advancement grant @p only custom:trade_hunter",
      "id": "quest_giver:command"
    },
    {
      "command": "/addreputation reputation:villager @p 1",
      "id": "quest_giver:command"
    }
  ]
}