{
  "parent": "quest_giver:root",
  "reputation": 15,
  "icon": "minecraft:map",
  "start": {
    "title": {
      "text": "不可能な任務です！"
    },
    "description": {
      "text": "私の要求どおり 2 つのタスクを完了してください。そうして初めて、私はあなたに強力な Ruine を授与することを検討します。肉を与えた後にタイガーの祝福を受け、ネザーの有毒の山にあるネザーリアクターを略奪します。"
    }
  },
  "complete": {
    "title": {
      "text": "ありがとう！"
    },
    "description": {
      "text": "素晴らしい出来です！ここにあります。刃先には多くの知識が封印されている…。"
    }
  },
  "tasks": [
    {
		"id": "afptweaks:advancement",
		"advancement": "alexsmobs:alexsmobs/tigers_blessing"
    },
    {
		"id": "afptweaks:advancement",
		"advancement": "incendium:toxic_heap/nuclear_fusion"
    }
  ],
  "rewards": [
    {
      "item": {
        "item": "wom:ruine"
      },
      "id": "quest_giver:item",
      "times": 1
    }
  ]
}