﻿{
  "parent": "quest_giver:root",
  "reputation": 0,
  "icon": "minecraft:brewing_stand",
  "start": {
    "title": {
      "text": "頼んだものは持ってきてくれましたか？"
    },
    "description": {
      "text": "$(red)ガストの涙$()は持ってきましたか？"
    }
  },
  "complete": {
    "title": {
      "text": "ありがとう！"
    },
    "description": {
      "text": "いいですね、まさに私が必要としていたものです。ご協力いただきありがとうございます！"
    }
  },
  "tasks": [
    {
      "item": {
        "item": "minecraft:ghast_tear"
      },
      "id": "quest_giver:gift",
      "times": 1
    }
  ],
  "rewards": [
    {
      "item": {
        "item": "minecraft:emerald"
      },
      "id": "quest_giver:item",
      "times": 2
    },
    {
      "command": "/addreputation reputation:villager @p 1",
      "id": "quest_giver:command"
    },
    {
      "command": "/advancement grant @p only custom:trade_cleric",
      "id": "quest_giver:command"
    }
  ]
}