﻿{
  "parent": "quest_giver:root",
  "reputation": 14,
  "icon": "minecraft:log",
  "start": {
    "title": {
      "text": "頼んだものは持ってきてくれましたか？"
    },
    "description": {
      "text": "仕事に $(red)鉄の斧$() が必要なんだ!"
    }
  },
  "complete": {
    "title": {
      "text": "ありがとう！"
    },
    "description": {
      "text": "ありがとう。お礼はエメラルドは4つでいいですか？"
    }
  },
  "tasks": [
     {
      "item": {
	 "item": "minecraft:iron_axe"
      },
      "id": "quest_giver:gift",
      "amount": 1
     }
  ],
  "rewards": [
    {
      "command": "/addreputation reputation:village @p 1",
      "id": "quest_giver:command"
    },
    {
      "item": {
        "item": "minecraft:emerald"
      },
      "id": "quest_giver:item",
      "times": 2
    }
  ]
}