{
  "parent": "quest_giver:root",
  "reputation": 15,
  "icon": "minecraft:map",
  "start": {
    "title": {
      "text": "不可能な任務です！"
    },
    "description": {
      "text": "2 つのタスクがあなたの前にあります。フードをかぶったワシで 100 ブロック離れたところにいる生き物を殺し、豚に発酵させたクモの目を食べさせてからケミカル X を投げます。それらを満たしてください、そうすれば私はあなたに拷問を委ねることを検討します。"
    }
  },
  "complete": {
    "title": {
      "text": "ありがとう！"
    },
    "description": {
      "text": "よくやった！ここにあります。かつての主人は恐るべきピグリンの戦士だった。"
    }
  },
  "tasks": [
    {
		"id": "afptweaks:advancement",
		"advancement": "alexsmobs:alexsmobs/bald_eagle_challenge"
    },
    {
		"id": "afptweaks:advancement",
		"advancement": "mutantmonsters:spider_pig_spider_pig"
    }
  ],
  "rewards": [
    {
      "item": {
        "item": "wom:tormented_mind"
      },
      "id": "quest_giver:item",
      "times": 1
    }
  ]
}