﻿{
	"parent": "quest_giver:quest_0059_01",
	"reputation": 4,
	"icon": "minecraft:cod",
	"start": {
		"title": {
      "text": "頼んだものは持ってきてくれましたか？"
		},
		"description": {
      "text": "レッドストーンは持ってきましたか？ 1つだけ必要だと思います。"
		}
	},
	"complete": {
		"title": {
      "text": "ありがとう！"
		},
		"description": {
      "text": "ありがとう！ここであなたのお悩みを解決します。"
		}
	},
	"tasks": [{
		"item": {
			"item": "minecraft:redstone"
		},
		"id": "quest_giver:gift",
		"times": 1
	}],
	"rewards": [{
			"command": "/advancement grant @p only custom:trade_fisherman",
			"id": "quest_giver:command"
		},
		{
			"command": "/addreputation reputation:villager @p 1",
			"id": "quest_giver:command"
		},
		{
			"item": {
				"item": "minecraft:emerald"
			},
			"id": "quest_giver:item",
			"times": 2
		}
	]
}