﻿{
  "parent": "quest_giver:root",
  "reputation": 4,
  "icon": "minecraft:ender_pearl",
  "start": {
    "title": {
      "text": "頼んだものは持ってきてくれましたか？"
    },
    "description": {
      "text": "$(red)エンダー パール 5個$() はもう持ってきましたか？"
    }
  },
  "complete": {
    "title": {
      "text": "ありがとう！"
    },
    "description": {
      "text": "ありがとう。ご迷惑をおかけしました。"
    }
  },
  "tasks": [
    {
      "item": {
        "item": "minecraft:ender_pearl"
      },
      "id": "quest_giver:gift",
      "times": 5
     }
  ],
  "rewards": [
    {
      "item": {
        "item": "minecraft:emerald"
      },
      "id": "quest_giver:item",
      "times": 3
    },
    {
      "command": "/addreputation reputation:villager @p 2",
      "id": "quest_giver:command"
    },
    {
      "command": "/advancement grant @p only custom:trade_enderian",
      "id": "quest_giver:command"
    }
  ]
}