﻿{
  "parent": "quest_giver:root",
  "reputation": 4,
  "icon": "minecraft:honey_bottle",
  "start": {
    "title": {
      "text": "ハニー？"
    },
    "description": {
      "text": "$(red)ハニーボトル$()は持ってきましたか？"
    }
  },
  "complete": {
    "title": {
      "text": "ありがとう！"
    },
    "description": {
      "text": "これは私がしばらく飲んだ中で最高の蜂蜜です！ありがとう！"
    }
  },
  "tasks": [
     {
      "item": {
	 "item": "minecraft:honey_bottle"
      },
      "id": "quest_giver:gift",
      "times": 1
     }
  ],
  "rewards": [
    {
      "item": {
        "item": "minecraft:emerald"
      },
      "id": "quest_giver:item",
      "times": 1
    },
    {
      "command": "/advancement grant @p only custom:trade_weaponsmith",
      "id": "quest_giver:command"
    },
    {
      "command": "/addreputation reputation:villager @p 1",
      "id": "quest_giver:command"
    }
  ]
}