﻿{
  "parent": "quest_giver:root",
  "reputation": 10,
  "icon": "minecraft:cod",
  "start": {
    "title": {
      "text": "矢羽根テーブルのロックを解除する"
    },
    "description": {
      "text": "矢羽根テーブルの使い方を学ぶためにはエメラルド 15 個が必要だよ。"
    }
  },
  "complete": {
    "title": {
      "text": "ありがとう！"
    },
    "description": {
      "text": "どうぞ。矢作りを楽しんでください！"
    }
  },
  "tasks": [
    {
      "item": {
        "item": "minecraft:emerald"
      },
      "id": "quest_giver:gift",
      "times": 15
    }
  ],
  "rewards": [
    {
      "command": "/pmmo admin @p add archery level 1",
      "id": "quest_giver:command"
    }
  ]
}