﻿{
  "parent": "quest_giver:quest_0061_01b",
  "reputation": 0,
  "icon": "minecraft:arrow",
  "start": {
    "title": {
      "text": "矢作り"
    },
    "description": {
      "text": "$(red)羽 2枚$() はもう持ってきましたか？"
    }
  },
  "complete": {
    "title": {
      "text": "ありがとう！"
    },
    "description": {
      "text": "ありがとう。さあ、お約束の矢です。"
    }
  },
  "tasks": [
    {
      "item": {
        "item": "minecraft:feather"
      },
      "id": "quest_giver:gift",
      "times": 2
    }
  ],
  "rewards": [
    {
      "command": "/advancement grant @p only custom:trade_fletcher",
      "id": "quest_giver:command"
    },
    {
      "command": "/addreputation reputation:villager @p 2",
      "id": "quest_giver:command"
    },
    {
      "item": {
        "item": "minecraft:arrow"
      },
      "id": "quest_giver:item",
      "times": 5
    }
  ]
}