{
  "parent": "quest_giver:root",
  "reputation": 15,
  "icon": "minecraft:map",
  "start": {
    "title": {
      "text": "不可能な任務です！"
    },
    "description": {
      "text": "エンダーブラスターを任せる前に、自分の価値を証明するために 2 つのタスクを達成する必要があります。ネザーの地獄の砂丘からパイプリン セントリーを消滅させることと、完全に成熟したキノコのコロニーを刈り取ることです。それを達成するには豊かな土壌を開発する必要があることに注意してください。"
    }
  },
  "complete": {
    "title": {
      "text": "ありがとう！"
    },
    "description": {
      "text": "おめでとう！ここにあります。このブラスターは、膨大なエネルギー源を詰め込んだ強力なパンチを繰り出します。"
    }
  },
  "tasks": [
    {
		"id": "afptweaks:advancement",
		"advancement": "incendium:infernal_dunes/pipeline/kill_sentry"
    },
    {
		"id": "afptweaks:advancement",
		"advancement": "farmersdelight:main/get_mushroom_colony"
    }
  ],
  "rewards": [
    {
      "item": {
        "item": "wom:ender_blaster"
      },
      "id": "quest_giver:item",
      "times": 2
    }
  ]
}