﻿{
  "parent": "quest_giver:root",
  "reputation": 4,
  "icon": "minecraft:wheat_seeds",
  "start": {
    "title": {
      "text": "頼んだものは持ってきてくれましたか？"
    },
    "description": {
      "text": "この村ではスパイスが新たな流行になっているようです… 私は知られている中で最も辛い唐辛子を栽培して 利益を上げたいと思っています！ ネザーで見つかる「ゴーストペッパー」と呼ばれる種類のコショウをご存知ですか？ そうですね、 $(red)ゴーストペッパー 3個$()を集めて私のところに持ってきてください。"
    }
  }
}