﻿{
  "parent": "quest_giver:root",
  "reputation": 6,
  "icon": "minecraft:bow",
  "start": {
    "title": {
      "text": "殲滅任務"
    },
    "description": {
      "text": "半分ワシ、半分馬という生き物に出会ったことがありますか? 彼らはグリフィンと呼ばれています。 これらの獣は私の養蜂場を略奪し、私の家族を脅かしています。 この村の周りで見つけられる最も近いグリフィンを退治して、 その羽を持ってくるのを手伝ってくれませんか？心配しないでください、 私はあなたに多額のお金を払います… 私はあなたがそのような生き物を 相手にするためにどれだけのリスクを負っているか知っています。"
    }
  }
}