﻿{
  "parent": "quest_giver:quest_0029_01b",
  "reputation": 0,
  "icon": "minecraft:mushroom_stew",
  "start": {
    "title": {
      "text": "キノコのシチュー！"
    },
    "description": {
      "text": "$(red)マッシュルームシチュー$()はもう作りましたか?"
    }
  },
  "complete": {
    "title": {
      "text": "そうですか..."
    },
    "description": {
      "text": "うーん！ありがとう見知らぬ人！"
    }
  },
  "tasks": [
    {
      "item": {
        "item": "minecraft:mushroom_stew"
      },
      "id": "quest_giver:gift",
      "times": 1
    }
  ],
  "rewards": [
    {
      "command": "/advancement grant @p only custom:trade_armorer",
      "id": "quest_giver:command"
    },
    {
      "command": "/addreputation reputation:villager @p 2",
      "id": "quest_giver:command"
    }
  ]
}