{
	"parent": "quest_giver:root",
	"reputation": 15,
	"icon": "minecraft:iron_sword",
	"start": {
		"title": {
			"text": "それで？"
		},
		"description": {
			"text": "スキル - エメラルド 18 個分のスタミナ略奪者を教えます。"
		}
	},
	"complete": {
		"title": {
			"text": "ありがとう！"
		},
		"description": {
			"text": "略奪を楽しんでください！でも、あまり楽しいものではありません。"
		}
	},
	"tasks": [{
		"item": {
			"item": "minecraft:emerald"
		},
      "id": "quest_giver:gift",
      "times": 18
	}],
	"rewards": [{
		"command": "give @p epicfight:skillbook{skill:\"epicfight:stamina_pillager\"}",
		"id": "quest_giver:command"
	}]
}