{
  "parent": "quest_giver:root",
  "reputation": 15,
  "icon": "minecraft:map",
  "start": {
    "title": {
      "text": "不可能な任務です！"
    },
    "description": {
      "text": "2 つのタスクを完了して、準備が整ったことを実証してください。ハキリアリの蛹を入手します。これを土の上に置くと、ハキリアリのコロニーが形成されます。そして、カメの卵を守るために砂の城を建てます。そうして初めて、この武器を授けます。"
    }
  },
  "complete": {
    "title": {
      "text": "ありがとう！"
    },
    "description": {
      "text": "おめでとう！ここにあります。シュルクの影響により、この武器は見分けがつかないほど変化し、元の形を完全に飲み込んでしまいました。"
    }
  },
  "tasks": [
    {
		"id": "afptweaks:advancement",
		"advancement": "ecologics:husbandry/sandcastle"
    },
    {
		"id": "afptweaks:advancement",
		"advancement": "alexsmobs:alexsmobs/leafcutter_ant_pupa"
    }
  ],
  "rewards": [
    {
      "item": {
        "item": "wom:moonless"
      },
      "id": "quest_giver:item",
      "times": 1
    }
  ]
}