﻿{
  "parent": "quest_giver:root",
  "reputation": 0,
  "icon": "minecraft:poppy",
  "start": {
    "title": {
      "text": "頼んだものは持ってきてくれましたか？"
    },
    "description": {
      "text": "$(red)胞子の花$() はもう入手しましたか?"
    }
  },
  "complete": {
    "title": {
      "text": "ありがとう！"
    },
    "description": {
      "text": "どうもありがとう。"
    }
  },
  "tasks": [
     {
      "item": {
	 "item": "minecraft:spore_blossom"
      },
      "id": "quest_giver:gift",
      "times": 1
     }
  ],
  "rewards": [
    {
      "command": "/advancement grant @p only custom:trade_florist",
      "id": "quest_giver:command"
    },
    {
      "command": "/addreputation reputation:villager @p 1",
      "id": "quest_giver:command"
    },
    {
      "item": {
        "item": "minecraft:emerald"
      },
      "id": "quest_giver:item",
      "times": 1
    }
  ]
}