﻿{
  "parent": "quest_giver:quest_0046_01",
  "reputation": 15,
  "icon": "minecraft:paper",
  "start": {
    "title": {
      "text": "討伐する"
    },
    "description": {
      "text": "こんにちは、あなたの次の契約は、 私たちの土地を徘徊するオークを退治することです。 これらの人型モンスターはいたるところにキャンプを張っています。 きっといくつか見たことがあると思います。 オークの歯を少なくとも6本回収し、 証拠として私に持ってきてください。"
    }
  }
}