﻿{
  "parent": "quest_giver:root",
  "reputation": 6,
  "icon": "minecraft:redstone",
  "start": {
    "title": {
      "text": "頼んだものは持ってきてくれましたか？"
    },
    "description": {
      "text": "$(red)レッドストーンダスト 10個$()を手に入れましたか"
    }
  },
  "complete": {
    "title": {
      "text": "ありがとう！"
    },
    "description": {
      "text": "ありがとう、それでは。"
    }
  },
  "tasks": [
     {
      "item": {
	 "item": "minecraft:redstone"
      },
      "id": "quest_giver:gift",
      "times": 10
     }
  ],
  "rewards": [
    {
      "command": "/advancement grant @p only custom:trade_engineer",
      "id": "quest_giver:command"
    },
    {
      "command": "/addreputation reputation:villager @p 2",
      "id": "quest_giver:command"
    },
    {
      "item": {
        "item": "minecraft:emerald"
      },
      "id": "quest_giver:item",
      "times": 5
    }
  ]
}