﻿{
  "parent": "quest_giver:root",
  "reputation": 10,
  "icon": "minecraft:cod",
  "start": {
    "title": {
      "text": "釣り竿のロックを解除する"
    },
    "description": {
      "text": "はい、釣り方を教えますが、エメラルド 18 個かかります。"
    }
  },
  "complete": {
    "title": {
      "text": "ありがとう！"
    },
    "description": {
      "text": "今はそんなに難しくないですよね？ただし、魚を怖がらせてしまうので、あまり振り回さないようにしてください。"
    }
  },
  "tasks": [
    {
      "item": {
        "item": "minecraft:emerald"
      },
      "id": "quest_giver:gift",
      "times": 18
    }
  ],
  "rewards": [
    {
      "command": "/pmmo admin @p add fishing level 1",
      "id": "quest_giver:command"
    }
  ]
}