﻿{
  "parent": "quest_giver:root",
  "reputation": 14,
  "icon": "minecraft:cod",
  "start": {
    "title": {
      "text": "奇妙なリクエスト"
    },
    "description": {
      "text": "素晴らしい。 基本的に、ある海洋学者は、 海にはガーディアンと呼ばれるトゲの生えた生き物がいると私に言いました。 海岸線周辺でこれまでの人生でこのようなものに遭遇したことがないので、 それは信じがたいことです。 もしあなたがこの個体に遭遇し、 それを殺そうと決めたら、 その存在の証拠として $(red)スパイク 1個$() を私にくれませんか?海洋学者から聞いた話ですが、 死ぬとスパイクを落とすのは大きいものだけだそうです。"
    }
  }
}