{
	"parent": "quest_giver:root",
	"reputation": 15,
	"icon": "minecraft:iron_sword",
	"start": {
		"title": {
			"text": "それで？"
		},
		"description": {
			"text": "それで、私はあなたにスキルを教えます - 13個のエメラルドの禁断の力…どう思いますか？"
		}
	},
	"complete": {
		"title": {
			"text": "ありがとう！"
		},
		"description": {
			"text": "どうぞ。このスキルの使用には注意してください。"
		}
	},
	"tasks": [{
		"item": {
			"item": "minecraft:emerald"
		},
      "id": "quest_giver:gift",
      "times": 13
	}],
	"rewards": [{
		"command": "give @p epicfight:skillbook{skill:\"epicfight:forbidden_strength\"}",
		"id": "quest_giver:command"
	}]
}