{
	"parent": "quest_giver:root",
	"reputation": 15,
	"icon": "minecraft:iron_sword",
	"start": {
		"title": {
			"text": "それで？"
		},
		"description": {
			"text": "スキル「潜在的報復」をエメラルド18個でお教えします。"
		}
	},
	"complete": {
		"title": {
			"text": "ありがとう！"
		},
		"description": {
			"text": "さあ、冒険者よ！"
		}
	},
	"tasks": [{
		"item": {
			"item": "minecraft:emerald"
		},
      "id": "quest_giver:gift",
      "times": 18
	}],
	"rewards": [{
		"command": "give @p epicfight:skillbook{skill:\"wom:latent_retribution\"}",
		"id": "quest_giver:command"
	}]
}