{
	"parent": "quest_giver:root",
	"reputation": 15,
	"icon": "minecraft:iron_sword",
	"start": {
		"title": {
			"text": "それで？"
		},
		"description": {
			"text": "それで、私はあなたにスキル - ソードマスターを 15 エメラルドで教えます...どう思いますか?"
		}
	},
	"complete": {
		"title": {
			"text": "ありがとう！"
		},
		"description": {
			"text": "さあ、冒険者よ！"
		}
	},
	"tasks": [{
		"item": {
			"item": "minecraft:emerald"
		},
      "id": "quest_giver:gift",
      "times": 15
	}],
	"rewards": [{
		"command": "give @p epicfight:skillbook{skill:\"epicfight:swordmaster\"}",
		"id": "quest_giver:command"
	}]
}