﻿{
  "parent": "quest_giver:root",
  "reputation": 3,
  "icon": "minecraft:redstone",
  "start": {
    "title": {
      "text": "頼んだものは持ってきてくれましたか？"
    },
    "description": {
      "text": "$(red)銅レンチとレバー$()は持ってきましたか？"
    }
  },
  "complete": {
    "title": {
      "text": "ありがとう！"
    },
    "description": {
      "text": "ありがとう。ご迷惑をおかけしました。"
    }
  },
  "tasks": [
    {
      "item": {
        "item": "supplementaries:wrench"
      },
      "id": "quest_giver:gift",
      "times": 1
    },
    {
      "item": {
        "item": "minecraft:lever"
      },
      "id": "quest_giver:gift",
      "times": 1
    }
  ],
  "rewards": [
    {
      "item": {
        "item": "minecraft:emerald"
      },
      "id": "quest_giver:item",
      "times": 1
    },
    {
      "command": "/advancement grant @p only custom:trade_engineer",
      "id": "quest_giver:command"
    },
    {
      "command": "/addreputation reputation:villager @p 1",
      "id": "quest_giver:command"
    }
  ]
}