{
	"parent": "quest_giver:root",
	"reputation": 15,
	"icon": "minecraft:iron_sword",
	"start": {
		"title": {
			"text": "それで？"
		},
		"description": {
			"text": "スキルを教えます - エメラルド 30 個分のブルチャージ。あなたは何と言いますか？"
		}
	},
	"complete": {
		"title": {
			"text": "ありがとう！"
		},
		"description": {
			"text": "どうぞ。崖から逃げたりしないでください。"
		}
	},
	"tasks": [{
		"item": {
			"item": "minecraft:emerald"
		},
      "id": "quest_giver:gift",
      "times": 30
	}],
	"rewards": [{
		"command": "give @p epicfight:skillbook{skill:\"wom:bull_charge\"}",
		"id": "quest_giver:command"
	}]
}