{
	"parent": "quest_giver:root",
	"reputation": 15,
	"icon": "minecraft:iron_sword",
	"start": {
		"title": {
			"text": "それで？"
		},
		"description": {
			"text": "スキル「痛みの予感」をエメラルド 15 個でお教えします。"
		}
	},
	"complete": {
		"title": {
			"text": "ありがとう！"
		},
		"description": {
			"text": "さあ、痛みに耐えなさい！"
		}
	},
	"tasks": [{
		"item": {
			"item": "minecraft:emerald"
		},
      "id": "quest_giver:gift",
      "times": 15
	}],
	"rewards": [{
		"command": "give @p epicfight:skillbook{skill:\"wom:pain_anticipation\"}",
		"id": "quest_giver:command"
	}]
}