﻿{
  "parent": "quest_giver:root",
  "reputation": 0,
  "icon": "minecraft:book",
  "start": {
    "title": {
      "text": "殲滅依頼"
    },
    "description": {
      "text": "この辺りでは、 夜になるとクリーパーが頻繁に出現します… 彼らは私たちに危害を加えませんが、 私たちの可哀そうな子羊たちを怖がらせて追い払います。 夜に駆除してもらえますか？ 6匹討伐に達したらお支払いします。"
    }
  }
}