﻿{
  "parent": "quest_giver:quest_0079_01b",
  "reputation": 0,
  "icon": "minecraft:white_wool",
  "start": {
    "title": {
      "text": "殲滅依頼"
    },
    "description": {
      "text": "できるだけ早く駆除作業を完了してください。それは私の子羊たちに影響を与えています。"
    }
  },
  "complete": {
    "title": {
      "text": "ありがとう！"
    },
    "description": {
      "text": "よくやった。まだたくさん残っていますが、最近は見かけることが少なくなったように思います。これがご褒美です。"
    }
  },
  "tasks": [
    {
      "entity": "minecraft:creeper",
      "id": "quest_giver:kill",
      "times": 6
    }
  ],
  "rewards": [
    {
      "item": {
        "item": "minecraft:emerald"
      },
      "id": "quest_giver:item",
      "times": 2
    },
    {
      "command": "/addreputation reputation:villager @p 2",
      "id": "quest_giver:command"
    },
    {
      "command": "/advancement grant @p only custom:trade_shepherd",
      "id": "quest_giver:command"
    }
  ]
}