﻿{
  "parent": "quest_giver:root",
  "reputation": 0,
  "icon": "minecraft:poppy",
  "start": {
    "title": {
      "text": "頼んだものは持ってきてくれましたか？"
    },
    "description": {
      "text": "できるだけ早く弓を手に入れてください。"
    }
  },
  "complete": {
    "title": {
      "text": "ありがとう！"
    },
    "description": {
      "text": "ありがとう、これでまた狩りができるよ！"
    }
  },
  "tasks": [
     {
      "item": {
	 "item": "minecraft:bow"
      },
      "id": "quest_giver:gift",
      "times": 1
     }
  ],
  "rewards": [
    {
      "command": "/advancement grant @p only custom:trade_hunter",
      "id": "quest_giver:command"
    },
    {
      "command": "/addreputation reputation:villager @p 1",
      "id": "quest_giver:command"
    },
    {
      "item": {
        "item": "minecraft:rabbit_foot"
      },
      "id": "quest_giver:item",
      "times": 2
    }
  ]
}