﻿{
  "parent": "quest_giver:quest_0060_01b",
  "reputation": 0,
  "icon": "minecraft:oak_boat",
  "start": {
    "title": {
      "text": "船作り"
    },
    "description": {
      "text": "ボートは $(red)枯れたバルサ$() という素材で作らなければならないことに注意してください。"
    }
  },
  "complete": {
    "title": {
      "text": "ありがとう！"
    },
    "description": {
      "text": "許容範囲内ですが、 もう少し工夫が必要です。 でも、これで大丈夫です、ありがとう。 これがあなたのご褒美です、 きっと気に入っていただけると思います。"
    }
  },
  "tasks": [
    {
      "item": {
        "item": "biomemakeover:blighted_balsa_boat"
      },
      "id": "quest_giver:gift",
      "times": 1
    }
  ],
  "rewards": [
    {
      "command": "/advancement grant @p only custom:trade_fisherman",
      "id": "quest_giver:command"
    },
    {
      "command": "/addreputation reputation:villager @p 3",
      "id": "quest_giver:command"
    },
    {
      "item": {
        "item": "paraglider:spirit_orb"
      },
      "id": "quest_giver:item",
      "times": 1
    }
  ]
}