﻿{
  "parent": "quest_giver:quest_0009_01b",
  "reputation": 14,
  "icon": "minecraft:book",
  "start": {
    "title": {
      "text": "リクエストの取得"
    },
    "description": {
      "text": "$(red)イカ墨 4個$() が集まったらまた来てください。"
    }
  },
  "complete": {
    "title": {
      "text": "ありがとう！"
    },
    "description": {
      "text": "どうもありがとう。 残念ながら、 こちらも紙の在庫が少なくなってきております… とりあえず紙を10枚調達していただけないでしょうか＞すぐに補充いたしますが、よろしくお願いいたします。"
    }
  },
  "tasks": [
    {
      "item": {
        "item": "minecraft:ink_sac"
      },
      "id": "quest_giver:gift",
      "times": 4
    }
  ],
  "rewards": [
    {
      "command": "/addreputation reputation:villager @p 1",
      "id": "quest_giver:command"
    },
    {
      "item": {
        "item": "minecraft:emerald"
      },
      "id": "quest_giver:item",
      "times": 1
    }
  ]
}