﻿{
	"parent": "quest_giver:quest_0009_01",
	"reputation": 14,
	"icon": "minecraft:book",
	"start": {
		"title": {
      "text": "頼んだものは持ってきてくれましたか？"
		},
		"description": {
      "text": "$(red)紙 10枚$()を集めるを持ってきてくれましたか?"
		}
	},
	"complete": {
		"title": {
      "text": "ありがとう！"
		},
		"description": {
      "text": "ありがとう。今のところお支払いできるエメラルドがありません...支払いはこれでよいでしょうか。"
		}
	},
	"tasks": [{
		"item": {
			"item": "minecraft:paper"
		},
		"id": "quest_giver:gift",
		"times": 10
	}],
	"rewards": [{
			"item": {
				"type": "minecraft:item_nbt",
				"item": "minecraft:enchanted_book",
				"nbt": "{StoredEnchantments:[{id:\"minecraft:mending\",lvl:1}]}"
			},
			"id": "quest_giver:item",
			"times": 1
		},
		{
			"command": "/advancement grant @p only custom:trade_librarian",
			"id": "quest_giver:command"
		},
		{
			"command": "/addreputation reputation:villager @p 1",
			"id": "quest_giver:command"
		}
	]
}