﻿{
	"parent": "quest_giver:root",
	"reputation": 12,
	"icon": "minecraft:iron_sword",
	"start": {
		"title": {
      "text": "頼んだものは持ってきてくれましたか？"
		},
		"description": {
      "text": "エメラルド15個でスキル「アクティブガード」を教えます。"
		}
	},
	"complete": {
		"title": {
      "text": "ありがとう！"
		},
		"description": {
      "text": "どうぞ。"
		}
	},
	"tasks": [{
		"item": {
			"item": "minecraft:emerald"
		},
      "id": "quest_giver:gift",
      "times": 15
	}],
	"rewards": [{
		"command": "/give @p epicfight:skillbook{skill:\"epicfight:active_guard\"}",
		"id": "quest_giver:command"
	}]
}