﻿{
  "parent": "quest_giver:root",
  "reputation": 20,
  "icon": "minecraft:redstone",
  "start": {
    "title": {
      "text": "助けてください！"
    },
    "description": {
      "text": "私のリクエストを聞いてくれてありがとう。 この次元の「バトルタワー」をご存知ですか？ 彼らは世界中のどこにでもいます。 特にランドタワーとその中に住むゴーレムに興味があります。 ガーディアンが落とした目は途方もない運動エネルギーを持っています… 研究のためにそれを手に入れるのを手伝ってくれませんか?"
    }
  }
}