﻿{
  "parent": "quest_giver:root",
  "reputation": 5,
  "icon": "minecraft:wooden_sword",
  "start": {
    "title": {
      "text": "知っていましたか？"
    },
    "description": {
      "text": "知っていましたか？この世界に新顔が現れました。 噂によると、この男は素晴らしい鎧と壊れない剣を身に着けているそうです。 彼らの鎧のデザインをいくつか見る機会がありました ...美しいですが、実用的ではありません。 まともなハンマーなら簡単に打ち破ることができます、はは！"
    }
  }
}