﻿{
  "parent": "quest_giver:root",
  "reputation": 10,
  "icon": "minecraft:grindstone",
  "start": {
    "title": {
      "text": "砥石のロックを解除"
    },
    "description": {
      "text": "それはかなり珍しい要求です...そのためには 15 エメラルドを請求させていただきます。それでいいですか？"
    }
  },
  "complete": {
    "title": {
      "text": "ありがとう！"
    },
    "description": {
      "text": "さあ！簡単ですよね？"
    }
  },
  "tasks": [
    {
      "item": {
        "item": "minecraft:emerald"
      },
      "id": "quest_giver:gift",
      "times": 15
    }
  ],
  "rewards": [
    {
      "command": "/pmmo admin @p add excavation level 1",
      "id": "quest_giver:command"
    }
  ]
}