﻿{
  "parent": "quest_giver:quest_0086_01",
  "reputation": 37,
  "icon": "minecraft:iron_axe",
  "start": {
    "title": {
      "text": "助けてください！"
    },
    "description": {
      "text": "素晴らしい。 ピリジャーを見つけたら殲滅してほしい。 彼らが攻撃の計画を立てる時間があまりかからないように、 彼らの注意をそらす必要があります... 5 人を殺した後、 私のところに戻ってきてください。"
    }
  }
}