﻿{
  "parent": "quest_giver:root",
  "reputation": 15,
  "icon": "minecraft:cod",
  "start": {
    "title": {
      "text": "狩猟依頼"
    },
    "description": {
      "text": "神のお恵みがありますように。 海の中のあの忌まわしい卑劣な生き物を狩るのを手伝ってください。 生物学者はそれらをサメと呼んでいます。 私は彼らを海の悪魔と呼んでいます。 海にいる間、私は見た...彼らが私の妹を手足ごと引き裂くのを見たんだ。 復讐するのを手伝ってください、 あの厄介な生き物を殺して、 トロフィーとして彼らの歯を手に入れてください。"
    }
  }
}