﻿{
	"parent": "quest_giver:quest_0092_01b",
	"reputation": 46,
	"icon": "minecraft:ender_pearl",
	"start": {
		"title": {
      "text": "頼んだものは持ってきてくれましたか？"
		},
		"description": {
      "text": "$(red)ドラゴンの卵$()を手に入れたら、ぜひ見せてください。"
		}
	},
	"complete": {
		"title": {
      "text": "ありがとう！"
		},
		"description": {
      "text": "こんなことしてごめんなさい、友よ...でも私にはそれが必要なんです。さようなら。"
		}
	},
	"tasks": [{
		"item": {
			"item": "minecraft:dragon_egg"
		},
		"id": "quest_giver:gift",
		"times": 1
	}],
	"rewards": [{
			"command": "/effect give @e[type=quest_giver:quest_villager,nbt={VillagerData:{profession:\"morevillagers:enderian\"}},sort=nearest,limit=1] minecraft:invisibility 100 1 true",
			"id": "quest_giver:command"
		},
		{
			"command": "/tag @e[type=minecraft:villager,nbt={VillagerData:{profession:\"morevillagers:enderian\"}},sort=nearest,limit=1] add it",
			"id": "quest_giver:command"
		},
		{
			"command": "/execute at @e[type=quest_giver:quest_villager,nbt={VillagerData:{profession:\"morevillagers:enderian\"}},sort=nearest,limit=1] run particle minecraft:end_rod ~ ~ ~ 0 0 0 0.1 40 normal",
			"id": "quest_giver:command"
		},
		{
			"command": "/tp @e[type=minecraft:quest_giver:quest_villager,nbt={VillagerData:{profession:\"morevillagers:enderian\"}},sort=nearest,limit=1] ~ ~150 ~150",
			"id": "quest_giver:command"
		},
		{
			"command": "/execute at @p run playsound minecraft:entity.enderman.teleport ambient @p ~ ~ ~ 7 1",
			"id": "quest_giver:command"
		}
	]
}