﻿{
  "parent": "quest_giver:root",
  "reputation": 10,
  "icon": "minecraft:paper",
  "start": {
    "title": {
      "text": "頼んだものは持ってきてくれましたか？"
    },
    "description": {
      "text": "エメラルド 10 個と製図台の使い方を教えます。"
    }
  },
  "complete": {
    "title": {
      "text": "さあ、行きましょう。"
    },
    "description": {
      "text": "この道具を扱うのはそれほど難しくありません。するにコツがわかります。"
    }
  },
  "tasks": [
    {
      "item": {
        "item": "minecraft:emerald"
      },
      "id": "quest_giver:gift",
      "times": 10
    }
  ],
  "rewards": [
    {
      "command": "/pmmo admin @p add sailing level 1",
      "id": "quest_giver:command"
    }
  ]
}