﻿{
  "parent": "quest_giver:quest_0069_01b",
  "reputation": 0,
  "icon": "minecraft:leather",
  "start": {
    "title": {
      "text": "頼んだものは持ってきてくれましたか？"
    },
    "description": {
      "text": "$(red)うさぎの皮$()は持ってきましたか？"
    }
  },
  "complete": {
    "title": {
      "text": "ありがとう！"
    },
    "description": {
      "text": "ありがとう、この小さな奴らは速すぎて私には捕まえられなくて困ってたんだ。"
    }
  },
  "tasks": [
    {
      "item": {
        "item": "minecraft:rabbit_hide"
      },
      "id": "quest_giver:gift",
      "times": 1
    }
  ],
  "rewards": [
    {
      "command": "/advancement grant @p only custom:trade_leatherworker",
      "id": "quest_giver:command"
    },
    {
      "command": "/addreputation reputation:villager @p 1",
      "id": "quest_giver:command"
    },
    {
      "item": {
        "item": "minecraft:emerald"
      },
      "id": "quest_giver:item",
      "times": 1
    }
  ]
}