{
  "parent": "quest_giver:root",
  "reputation": 15,
  "icon": "minecraft:map",
  "start": {
    "title": {
      "text": "不可能な仕事だ！"
    },
    "description": {
      "text": "高貴なサンバードから祝福を受けることと、ミュータントのスノーゴーレムを召喚することの 2 つのタスクを完了してください。それならアゴニーを渡すことを検討します。"
    }
  },
  "complete": {
    "title": {
      "text": "ありがとう！"
    },
    "description": {
      "text": "顕著！受け取ってください。そのかつての持ち主は猛獣に倒れた。あなたの運命が彼の運命から離れますように。"
    }
  },
  "tasks": [
    {
		"id": "afptweaks:advancement",
		"advancement": "mutantmonsters:frosty_the_snow_golem"
    },
    {
		"id": "afptweaks:advancement",
		"advancement": "alexsmobs:alexsmobs/sunbird_blessing"
    }
  ],
  "rewards": [
    {
      "item": {
        "item": "wom:agony"
      },
      "id": "quest_giver:item",
      "times": 1
    }
  ]
}