{
  "parent": "quest_giver:root",
  "reputation": 15,
  "icon": "minecraft:map",
  "start": {
    "title": {
      "text": "不可能な仕事だ！"
    },
    "description": {
      "text": "この武器を手に入れるには、まず 2 つのタスクを達成して自分の実力を証明する必要があります。魔女の小屋で魔女のクエストを完了し、プーカを他の魔女から誘い出して金のニンジンでなだめることです。"
    }
  },
  "complete": {
    "title": {
      "text": "ありがとう！"
    },
    "description": {
      "text": "素晴らしい仕事です！これが武器です。軽量にもかかわらず、かなりの殺傷力を持っています。"
    }
  },
  "tasks": [
    {
		"id": "afptweaks:advancement",
		"advancement": "habitat:husbandry/fae_whisperer"
    },
    {
		"id": "afptweaks:advancement",
		"advancement": "biomemakeover:biomemakeover/witch_quest"
    }
  ],
  "rewards": [
    {
      "item": {
        "item": "wom:satsujin"
      },
      "id": "quest_giver:item",
      "times": 1
    }
  ]
}