﻿{
  "parent": "quest_giver:quest_0053_01b",
  "reputation": 0,
  "icon": "minecraft:wheat_seeds",
  "start": {
    "title": {
      "text": "頼んだものは持ってきてくれましたか？"
    },
    "description": {
      "text": "$(red)玉ねぎ 2個 $() は持ってきましたか？"
    }
  },
  "complete": {
    "title": {
      "text": "ありがとう！"
    },
    "description": {
      "text": "頑張ったよ、坊や。 $(red)メロンの種 2 個 $() も持ってきましたか？"
    }
  },
  "tasks": [
    {
      "item": {
        "item": "farmersdelight:onion"
      },
      "id": "quest_giver:gift",
      "times": 2
    }
  ]
}