{
	"parent": "quest_giver:root",
	"reputation": 15,
	"icon": "minecraft:iron_sword",
	"start": {
		"title": {
			"text": "それで？"
		},
		"description": {
			"text": "エメラルド 25 個でファントム アセントのスキルを教えます。自分で言うのもなんですが、かなりお得です！"
		}
	},
	"complete": {
		"title": {
			"text": "ありがとう！"
		},
		"description": {
			"text": "さあ、冒険者よ！スキルを使用するには2回ジャンプするだけです。"
		}
	},
	"tasks": [{
		"item": {
			"item": "minecraft:emerald"
		},
      "id": "quest_giver:gift",
      "times": 25
	}],
	"rewards": [{
		"command": "give @p epicfight:skillbook{skill:\"epicfight:phantom_ascent\"}",
		"id": "quest_giver:command"
	}]
}