﻿{
  "parent": "quest_giver:root",
  "reputation": 7,
  "icon": "minecraft:iron_sword",
  "start": {
    "title": {
      "text": "料理の仕事"
    },
    "description": {
      "text": "$(red)マトンチョップのパスタ$()という料理を作ってくれませんか？"
    }
  },
  "complete": {
    "title": {
      "text": "ありがとう！"
    },
    "description": {
      "text": "うーん！すごいですね、後でおしくいただくきます。ありがとう。"
    }
  },
  "tasks": [
     {
      "item": {
	 "item": "farmersdelight:pasta_with_mutton_chop"
      },
      "id": "quest_giver:gift",
      "times": 1
     }
  ],
  "rewards": [
    {
      "item": {
        "item": "minecraft:emerald"
      },
      "id": "quest_giver:item",
      "times": 2
    },
    {
      "command": "/advancement grant @p only custom:trade_weaponsmith",
      "id": "quest_giver:command"
    },
    {
      "command": "/addreputation reputation:villager @p 2",
      "id": "quest_giver:command"
    }
  ]
}