﻿{
  "parent": "quest_giver:root",
  "reputation": 15,
  "icon": "minecraft:paper",
  "start": {
    "title": {
      "text": "不可能な任務です！"
    },
    "description": {
      "text": "ついに話せる人が現れた！ 一つ言っておきますが、 この世界のどこかに巨大な根なし浮遊宮殿があります。 そのことを知っている人はほとんどおらず、 ましてやその所在を知っている人はほとんどいません... そして幸運なことに、 私は偶然にも 100 万人に一人です。 何を言っているかわからないかもしれないが。 オルカに祝福される機会があったら、 それがどのように起こったのか、 そしてそれがどのように感じたかを正確に教えてください。 そうすれば、 宮殿の場所を無料で教えてあげるよ！ その宮殿には強力な魔術師が住んでおり、 その宝物を内部の核の奥深くに隠しています。 冒険者としては、 それは魅力的に聞こえるでしょう？"
    }
  }
}