﻿{
  "parent": "quest_giver:root",
  "reputation": 2,
  "icon": "minecraft:map",
  "start": {
    "title": {
      "text": "コンパスを作ってくれ！"
    },
    "description": {
      "text": "そんなに難しい作業ではないが…… コンパスを作ってきてくれ。"
    }
  },
  "complete": {
    "title": {
      "text": "ありがとよ"
    },
    "description": {
      "text": "よくやった。さあ、どっか行った、報酬なんてないぞ"
    }
  },
  "tasks": [
    {
      "item": {
        "item": "minecraft:compass"
      },
      "id": "quest_giver:craft",
      "times": 1
    }
  ],
  "rewards": [
    {
      "command": "/advancement grant @p only custom:trade_cartographer",
      "id": "quest_giver:command"
    },
    {
      "command": "/addreputation reputation:villager @p 1",
      "id": "quest_giver:command"
    }
  ]
}