﻿{
  "parent": "quest_giver:quest_0114_01b",
  "reputation": 16,
  "icon": "minecraft:iron_pickaxe",
  "start": {
    "title": {
      "text": "頼んだものは持ってきてくれましたか？"
    },
    "description": {
      "text": "もう忘れましたか？ 近接攻撃でキャプテン コーネリアの幽霊を倒してください。 それなら報酬を受け取りに私の所に来てください。"
    }
  },
  "complete": {
    "title": {
      "text": "ありがとう！"
    },
    "description": {
      "text": "本当にやったのですね！ さあ、報酬を受け取ってください。 皆さんダイヤモンドが好きだと聞きましたよね？ いくつか取ってください！"
    }
  },
  "tasks": [
    {
      "entity": "ob_aquamirae:captain_cornelia",
      "id": "quest_giver:kill",
      "times": 1
    }
  ],
  "rewards": [
    {
      "item": {
        "item": "minecraft:emerald"
      },
      "id": "quest_giver:item",
      "times": 2
    },
    {
      "item": {
        "item": "minecraft:diamond"
      },
      "id": "quest_giver:item",
      "times": 4
    },
    {
      "command": "/advancement grant @p only custom:trade_oceanographer",
      "id": "quest_giver:command"
    },    
    {
      "command": "/addreputation reputation:villager @p 2",
      "id": "quest_giver:command"
    }
  ]
}