{
	"parent": "quest_giver:root",
	"reputation": 15,
	"icon": "minecraft:iron_sword",
	"start": {
		"title": {
			"text": "それで？"
		},
		"description": {
			"text": "スキル「エンダーステップ」をエメラルド30個でお教えします。あなたは何と言いますか？"
		}
	},
	"complete": {
		"title": {
			"text": "ありがとう！"
		},
		"description": {
			"text": "これは伝説の存在・ツインズから受け継がれたスキル。最後には見つかる、そう聞いたことがあります..."
		}
	},
	"tasks": [{
		"item": {
			"item": "minecraft:emerald"
		},
      "id": "quest_giver:gift",
      "times": 30
	}],
	"rewards": [{
		"command": "give @p epicfight:skillbook{skill:\"wom:ender_step\"}",
		"id": "quest_giver:command"
	}]
}