{
	"parent": "quest_giver:root",
	"reputation": 15,
	"icon": "minecraft:iron_sword",
	"start": {
		"title": {
			"text": "それで？"
		},
		"description": {
			"text": "エメラルド 20 個でスキル「ダンシング エッジ」を教えます。信じてください、それは価格の価値があります!"
		}
	},
	"complete": {
		"title": {
			"text": "ありがとう！"
		},
		"description": {
			"text": "偉大な選択肢！旅の幸運を祈ります。"
		}
	},
	"tasks": [{
		"item": {
			"item": "minecraft:emerald"
		},
      "id": "quest_giver:gift",
      "times": 20
	}],
	"rewards": [{
		"command": "give @p epicfight:skillbook{skill:\"wom:dancing_blade\"}",
		"id": "quest_giver:command"
	}]
}