﻿{
  "parent": "quest_giver:root",
  "reputation": 5,
  "icon": "minecraft:iron_axe",
  "start": {
    "title": {
      "text": "ネザライトインゴット"
    },
    "description": {
      "text": "$(red)ネザライトインゴット$()はありますか？"
    }
  },
  "complete": {
    "title": {
      "text": "ありがとう！"
    },
    "description": {
      "text": "ありがとう。さあ、エメラルドを持ってきましょう。"
    }
  },
  "tasks": [
     {
      "item": {
	 "item": "minecraft:netherite_ingot"
      },
      "id": "quest_giver:gift",
      "times": 1
     }
  ],
  "rewards": [
    {
      "item": {
        "item": "minecraft:emerald"
      },
      "id": "quest_giver:item",
      "times": 4
    },
    {
      "command": "/addreputation reputation:villager @p 3",
      "id": "quest_giver:command"
    },
    {
      "command": "/advancement grant @p only custom:trade_toolsmith",
      "id": "quest_giver:command"
    }
  ]
}